{
  "currentRound":27,
  "maxRounds":100,
  "player":{
    "id":2,
    "position":{
      "y":3,
      "x":241
    },
    "speed":15,
    "state":"NOTHING",
    "statesThatOccurredThisRound":[
      "NOTHING"
    ],
    "powerups":[
      "LIZARD",
      "LIZARD",
      "LIZARD",
      "EMP",
      "LIZARD"
    ],
    "boosting":true,
    "boostCounter":4,
    "damage":0,
    "score":82
  },
  "opponent":{
    "id":1,
    "position":{
      "y":1,
      "x":159
    },
    "speed":0
  },
  "worldMap":[
    [
      {
        "position":{
          "y":1,
          "x":236
        },
        "surfaceObject":0,
        "occupiedByPlayerId":0,
        "isOccupiedByCyberTruck":false
      },
      {
        "position":{
          "y":1,
          "x":237
        },
        "surfaceObject":0,
        "occupiedByPlayerId":0,
        "isOccupiedByCyberTruck":false
      },
      {
        "position":{
          "y":1,
          "x":238
        },
        "surfaceObject":1,
        "occupiedByPlayerId":0,
        "isOccupiedByCyberTruck":false
      },
      {
        "position":{
          "y":1,
          "x":239
        },
        "surfaceObject":0,
        "occupiedByPlayerId":0,
        "isOccupiedByCyberTruck":false
      },
      {
        "position":{
          "y":1,
          "x":240
        },
        "surfaceObject":0,
        "occupiedByPlayerId":0,
        "isOccupiedByCyberTruck":false
      },
      {
        "position":{
          "y":1,
          "x":241
        },
        "surfaceObject":0,
        "occupiedByPlayerId":0,
        "isOccupiedByCyberTruck":false
      },
      {
        "position":{
          "y":1,
          "x":242
        },
        "surfaceObject":0,
        "occupiedByPlayerId":0,
        "isOccupiedByCyberTruck":false
      },
      {
        "position":{
          "y":1,
          "x":243
        },
        "surfaceObject":0,
        "occupiedByPlayerId":0,
        "isOccupiedByCyberTruck":false
      },
      {
        "position":{
          "y":1,
          "x":244
        },
        "surfaceObject":0,
        "occupiedByPlayerId":0,
        "isOccupiedByCyberTruck":false
      },
      {
        "position":{
          "y":1,
          "x":245
        },
        "surfaceObject":0,
        "occupiedByPlayerId":0,
        "isOccupiedByCyberTruck":false
      },
      {
        "position":{
          "y":1,
          "x":246
        },
        "surfaceObject":0,
        "occupiedByPlayerId":0,
        "isOccupiedByCyberTruck":false
      },
      {
        "position":{
          "y":1,
          "x":247
        },
        "surfaceObject":0,
        "occupiedByPlayerId":0,
        "isOccupiedByCyberTruck":false
      },
      {
        "position":{
          "y":1,
          "x":248
        },
        "surfaceObject":0,
        "occupiedByPlayerId":0,
        "isOccupiedByCyberTruck":false
      },
      {
        "position":{
          "y":1,
          "x":249
        },
        "surfaceObject":0,
        "occupiedByPlayerId":0,
        "isOccupiedByCyberTruck":false
      },
      {
        "position":{
          "y":1,
          "x":250
        },
        "surfaceObject":0,
        "occupiedByPlayerId":0,
        "isOccupiedByCyberTruck":false
      },
      {
        "position":{
          "y":1,
          "x":251
        },
        "surfaceObject":0,
        "occupiedByPlayerId":0,
        "isOccupiedByCyberTruck":false
      },
      {
        "position":{
          "y":1,
          "x":252
        },
        "surfaceObject":0,
        "occupiedByPlayerId":0,
        "isOccupiedByCyberTruck":false
      },
      {
        "position":{
          "y":1,
          "x":253
        },
        "surfaceObject":0,
        "occupiedByPlayerId":0,
        "isOccupiedByCyberTruck":false
      },
      {
        "position":{
          "y":1,
          "x":254
        },
        "surfaceObject":0,
        "occupiedByPlayerId":0,
        "isOccupiedByCyberTruck":false
      },
      {
        "position":{
          "y":1,
          "x":255
        },
        "surfaceObject":1,
        "occupiedByPlayerId":0,
        "isOccupiedByCyberTruck":false
      },
      {
        "position":{
          "y":1,
          "x":256
        },
        "surfaceObject":1,
        "occupiedByPlayerId":0,
        "isOccupiedByCyberTruck":false
      },
      {
        "position":{
          "y":1,
          "x":257
        },
        "surfaceObject":1,
        "occupiedByPlayerId":0,
        "isOccupiedByCyberTruck":false
      },
      {
        "position":{
          "y":1,
          "x":258
        },
        "surfaceObject":0,
        "occupiedByPlayerId":0,
        "isOccupiedByCyberTruck":false
      },
      {
        "position":{
          "y":1,
          "x":259
        },
        "surfaceObject":0,
        "occupiedByPlayerId":0,
        "isOccupiedByCyberTruck":false
      },
      {
        "position":{
          "y":1,
          "x":260
        },
        "surfaceObject":0,
        "occupiedByPlayerId":0,
        "isOccupiedByCyberTruck":false
      },
      {
        "position":{
          "y":1,
          "x":261
        },
        "surfaceObject":0,
        "occupiedByPlayerId":0,
        "isOccupiedByCyberTruck":false
      }
    ],
    [
      {
        "position":{
          "y":2,
          "x":236
        },
        "surfaceObject":0,
        "occupiedByPlayerId":0,
        "isOccupiedByCyberTruck":false
      },
      {
        "position":{
          "y":2,
          "x":237
        },
        "surfaceObject":0,
        "occupiedByPlayerId":0,
        "isOccupiedByCyberTruck":false
      },
      {
        "position":{
          "y":2,
          "x":238
        },
        "surfaceObject":0,
        "occupiedByPlayerId":0,
        "isOccupiedByCyberTruck":false
      },
      {
        "position":{
          "y":2,
          "x":239
        },
        "surfaceObject":0,
        "occupiedByPlayerId":0,
        "isOccupiedByCyberTruck":false
      },
      {
        "position":{
          "y":2,
          "x":240
        },
        "surfaceObject":0,
        "occupiedByPlayerId":0,
        "isOccupiedByCyberTruck":false
      },
      {
        "position":{
          "y":2,
          "x":241
        },
        "surfaceObject":0,
        "occupiedByPlayerId":0,
        "isOccupiedByCyberTruck":false
      },
      {
        "position":{
          "y":2,
          "x":242
        },
        "surfaceObject":0,
        "occupiedByPlayerId":0,
        "isOccupiedByCyberTruck":false
      },
      {
        "position":{
          "y":2,
          "x":243
        },
        "surfaceObject":0,
        "occupiedByPlayerId":0,
        "isOccupiedByCyberTruck":false
      },
      {
        "position":{
          "y":2,
          "x":244
        },
        "surfaceObject":0,
        "occupiedByPlayerId":0,
        "isOccupiedByCyberTruck":false
      },
      {
        "position":{
          "y":2,
          "x":245
        },
        "surfaceObject":0,
        "occupiedByPlayerId":0,
        "isOccupiedByCyberTruck":false
      },
      {
        "position":{
          "y":2,
          "x":246
        },
        "surfaceObject":0,
        "occupiedByPlayerId":0,
        "isOccupiedByCyberTruck":false
      },
      {
        "position":{
          "y":2,
          "x":247
        },
        "surfaceObject":0,
        "occupiedByPlayerId":0,
        "isOccupiedByCyberTruck":false
      },
      {
        "position":{
          "y":2,
          "x":248
        },
        "surfaceObject":0,
        "occupiedByPlayerId":0,
        "isOccupiedByCyberTruck":false
      },
      {
        "position":{
          "y":2,
          "x":249
        },
        "surfaceObject":0,
        "occupiedByPlayerId":0,
        "isOccupiedByCyberTruck":false
      },
      {
        "position":{
          "y":2,
          "x":250
        },
        "surfaceObject":0,
        "occupiedByPlayerId":0,
        "isOccupiedByCyberTruck":false
      },
      {
        "position":{
          "y":2,
          "x":251
        },
        "surfaceObject":0,
        "occupiedByPlayerId":0,
        "isOccupiedByCyberTruck":false
      },
      {
        "position":{
          "y":2,
          "x":252
        },
        "surfaceObject":0,
        "occupiedByPlayerId":0,
        "isOccupiedByCyberTruck":false
      },
      {
        "position":{
          "y":2,
          "x":253
        },
        "surfaceObject":0,
        "occupiedByPlayerId":0,
        "isOccupiedByCyberTruck":false
      },
      {
        "position":{
          "y":2,
          "x":254
        },
        "surfaceObject":0,
        "occupiedByPlayerId":0,
        "isOccupiedByCyberTruck":false
      },
      {
        "position":{
          "y":2,
          "x":255
        },
        "surfaceObject":0,
        "occupiedByPlayerId":0,
        "isOccupiedByCyberTruck":false
      },
      {
        "position":{
          "y":2,
          "x":256
        },
        "surfaceObject":0,
        "occupiedByPlayerId":0,
        "isOccupiedByCyberTruck":false
      },
      {
        "position":{
          "y":2,
          "x":257
        },
        "surfaceObject":0,
        "occupiedByPlayerId":0,
        "isOccupiedByCyberTruck":false
      },
      {
        "position":{
          "y":2,
          "x":258
        },
        "surfaceObject":0,
        "occupiedByPlayerId":0,
        "isOccupiedByCyberTruck":false
      },
      {
        "position":{
          "y":2,
          "x":259
        },
        "surfaceObject":0,
        "occupiedByPlayerId":0,
        "isOccupiedByCyberTruck":false
      },
      {
        "position":{
          "y":2,
          "x":260
        },
        "surfaceObject":0,
        "occupiedByPlayerId":0,
        "isOccupiedByCyberTruck":false
      },
      {
        "position":{
          "y":2,
          "x":261
        },
        "surfaceObject":0,
        "occupiedByPlayerId":0,
        "isOccupiedByCyberTruck":false
      }
    ],
    [
      {
        "position":{
          "y":3,
          "x":236
        },
        "surfaceObject":0,
        "occupiedByPlayerId":0,
        "isOccupiedByCyberTruck":false
      },
      {
        "position":{
          "y":3,
          "x":237
        },
        "surfaceObject":0,
        "occupiedByPlayerId":0,
        "isOccupiedByCyberTruck":false
      },
      {
        "position":{
          "y":3,
          "x":238
        },
        "surfaceObject":0,
        "occupiedByPlayerId":0,
        "isOccupiedByCyberTruck":false
      },
      {
        "position":{
          "y":3,
          "x":239
        },
        "surfaceObject":0,
        "occupiedByPlayerId":0,
        "isOccupiedByCyberTruck":false
      },
      {
        "position":{
          "y":3,
          "x":240
        },
        "surfaceObject":0,
        "occupiedByPlayerId":0,
        "isOccupiedByCyberTruck":false
      },
      {
        "position":{
          "y":3,
          "x":241
        },
        "surfaceObject":0,
        "occupiedByPlayerId":2,
        "isOccupiedByCyberTruck":false
      },
      {
        "position":{
          "y":3,
          "x":242
        },
        "surfaceObject":0,
        "occupiedByPlayerId":0,
        "isOccupiedByCyberTruck":false
      },
      {
        "position":{
          "y":3,
          "x":243
        },
        "surfaceObject":0,
        "occupiedByPlayerId":0,
        "isOccupiedByCyberTruck":false
      },
      {
        "position":{
          "y":3,
          "x":244
        },
        "surfaceObject":0,
        "occupiedByPlayerId":0,
        "isOccupiedByCyberTruck":false
      },
      {
        "position":{
          "y":3,
          "x":245
        },
        "surfaceObject":0,
        "occupiedByPlayerId":0,
        "isOccupiedByCyberTruck":false
      },
      {
        "position":{
          "y":3,
          "x":246
        },
        "surfaceObject":0,
        "occupiedByPlayerId":0,
        "isOccupiedByCyberTruck":false
      },
      {
        "position":{
          "y":3,
          "x":247
        },
        "surfaceObject":0,
        "occupiedByPlayerId":0,
        "isOccupiedByCyberTruck":false
      },
      {
        "position":{
          "y":3,
          "x":248
        },
        "surfaceObject":0,
        "occupiedByPlayerId":0,
        "isOccupiedByCyberTruck":false
      },
      {
        "position":{
          "y":3,
          "x":249
        },
        "surfaceObject":0,
        "occupiedByPlayerId":0,
        "isOccupiedByCyberTruck":false
      },
      {
        "position":{
          "y":3,
          "x":250
        },
        "surfaceObject":0,
        "occupiedByPlayerId":0,
        "isOccupiedByCyberTruck":false
      },
      {
        "position":{
          "y":3,
          "x":251
        },
        "surfaceObject":0,
        "occupiedByPlayerId":0,
        "isOccupiedByCyberTruck":false
      },
      {
        "position":{
          "y":3,
          "x":252
        },
        "surfaceObject":0,
        "occupiedByPlayerId":0,
        "isOccupiedByCyberTruck":false
      },
      {
        "position":{
          "y":3,
          "x":253
        },
        "surfaceObject":0,
        "occupiedByPlayerId":0,
        "isOccupiedByCyberTruck":false
      },
      {
        "position":{
          "y":3,
          "x":254
        },
        "surfaceObject":0,
        "occupiedByPlayerId":0,
        "isOccupiedByCyberTruck":false
      },
      {
        "position":{
          "y":3,
          "x":255
        },
        "surfaceObject":0,
        "occupiedByPlayerId":0,
        "isOccupiedByCyberTruck":false
      },
      {
        "position":{
          "y":3,
          "x":256
        },
        "surfaceObject":0,
        "occupiedByPlayerId":0,
        "isOccupiedByCyberTruck":false
      },
      {
        "position":{
          "y":3,
          "x":257
        },
        "surfaceObject":0,
        "occupiedByPlayerId":0,
        "isOccupiedByCyberTruck":false
      },
      {
        "position":{
          "y":3,
          "x":258
        },
        "surfaceObject":0,
        "occupiedByPlayerId":0,
        "isOccupiedByCyberTruck":false
      },
      {
        "position":{
          "y":3,
          "x":259
        },
        "surfaceObject":0,
        "occupiedByPlayerId":0,
        "isOccupiedByCyberTruck":false
      },
      {
        "position":{
          "y":3,
          "x":260
        },
        "surfaceObject":0,
        "occupiedByPlayerId":0,
        "isOccupiedByCyberTruck":false
      },
      {
        "position":{
          "y":3,
          "x":261
        },
        "surfaceObject":0,
        "occupiedByPlayerId":0,
        "isOccupiedByCyberTruck":false
      }
    ],
    [
      {
        "position":{
          "y":4,
          "x":236
        },
        "surfaceObject":0,
        "occupiedByPlayerId":0,
        "isOccupiedByCyberTruck":false
      },
      {
        "position":{
          "y":4,
          "x":237
        },
        "surfaceObject":0,
        "occupiedByPlayerId":0,
        "isOccupiedByCyberTruck":false
      },
      {
        "position":{
          "y":4,
          "x":238
        },
        "surfaceObject":0,
        "occupiedByPlayerId":0,
        "isOccupiedByCyberTruck":false
      },
      {
        "position":{
          "y":4,
          "x":239
        },
        "surfaceObject":0,
        "occupiedByPlayerId":0,
        "isOccupiedByCyberTruck":false
      },
      {
        "position":{
          "y":4,
          "x":240
        },
        "surfaceObject":0,
        "occupiedByPlayerId":0,
        "isOccupiedByCyberTruck":false
      },
      {
        "position":{
          "y":4,
          "x":241
        },
        "surfaceObject":0,
        "occupiedByPlayerId":0,
        "isOccupiedByCyberTruck":false
      },
      {
        "position":{
          "y":4,
          "x":242
        },
        "surfaceObject":9,
        "occupiedByPlayerId":0,
        "isOccupiedByCyberTruck":false
      },
      {
        "position":{
          "y":4,
          "x":243
        },
        "surfaceObject":0,
        "occupiedByPlayerId":0,
        "isOccupiedByCyberTruck":false
      },
      {
        "position":{
          "y":4,
          "x":244
        },
        "surfaceObject":8,
        "occupiedByPlayerId":0,
        "isOccupiedByCyberTruck":false
      },
      {
        "position":{
          "y":4,
          "x":245
        },
        "surfaceObject":0,
        "occupiedByPlayerId":0,
        "isOccupiedByCyberTruck":false
      },
      {
        "position":{
          "y":4,
          "x":246
        },
        "surfaceObject":0,
        "occupiedByPlayerId":0,
        "isOccupiedByCyberTruck":false
      },
      {
        "position":{
          "y":4,
          "x":247
        },
        "surfaceObject":0,
        "occupiedByPlayerId":0,
        "isOccupiedByCyberTruck":false
      },
      {
        "position":{
          "y":4,
          "x":248
        },
        "surfaceObject":0,
        "occupiedByPlayerId":0,
        "isOccupiedByCyberTruck":false
      },
      {
        "position":{
          "y":4,
          "x":249
        },
        "surfaceObject":6,
        "occupiedByPlayerId":0,
        "isOccupiedByCyberTruck":false
      },
      {
        "position":{
          "y":4,
          "x":250
        },
        "surfaceObject":0,
        "occupiedByPlayerId":0,
        "isOccupiedByCyberTruck":false
      },
      {
        "position":{
          "y":4,
          "x":251
        },
        "surfaceObject":0,
        "occupiedByPlayerId":0,
        "isOccupiedByCyberTruck":false
      },
      {
        "position":{
          "y":4,
          "x":252
        },
        "surfaceObject":0,
        "occupiedByPlayerId":0,
        "isOccupiedByCyberTruck":false
      },
      {
        "position":{
          "y":4,
          "x":253
        },
        "surfaceObject":0,
        "occupiedByPlayerId":0,
        "isOccupiedByCyberTruck":false
      },
      {
        "position":{
          "y":4,
          "x":254
        },
        "surfaceObject":0,
        "occupiedByPlayerId":0,
        "isOccupiedByCyberTruck":false
      },
      {
        "position":{
          "y":4,
          "x":255
        },
        "surfaceObject":0,
        "occupiedByPlayerId":0,
        "isOccupiedByCyberTruck":false
      },
      {
        "position":{
          "y":4,
          "x":256
        },
        "surfaceObject":1,
        "occupiedByPlayerId":0,
        "isOccupiedByCyberTruck":false
      },
      {
        "position":{
          "y":4,
          "x":257
        },
        "surfaceObject":0,
        "occupiedByPlayerId":0,
        "isOccupiedByCyberTruck":false
      },
      {
        "position":{
          "y":4,
          "x":258
        },
        "surfaceObject":0,
        "occupiedByPlayerId":0,
        "isOccupiedByCyberTruck":false
      },
      {
        "position":{
          "y":4,
          "x":259
        },
        "surfaceObject":0,
        "occupiedByPlayerId":0,
        "isOccupiedByCyberTruck":false
      },
      {
        "position":{
          "y":4,
          "x":260
        },
        "surfaceObject":0,
        "occupiedByPlayerId":0,
        "isOccupiedByCyberTruck":false
      },
      {
        "position":{
          "y":4,
          "x":261
        },
        "surfaceObject":0,
        "occupiedByPlayerId":0,
        "isOccupiedByCyberTruck":false
      }
    ]
  ]
}